学长-学姐,789
长学-学长,639
长学-学姐,629
湖南-师范,371
湖南-大学,338
师范-大学,319
学长-专业,302
有没有-学姐,270
附近-合租,255
附近-价格,253
学姐-专业,244
湖南-师大,241
有没有-学长,233
附近-师大,233
合租-价格,227
学姐-一下,213
请问-专业,207
师大-专业,202
湖南-专业,195
专业-一下,194
学长-一下,194
师范-专业,188
师大-学长,185
考研-师大,185
长学-有没有,183
女生-合租,177
师大-价格,169
考研-学姐,168
考研-合租,167
师大-合租,158
附近-考研,155
长学-专业,154
师大-学姐,153
考研-专业,149
请问-学长,149
请问-学姐,148
湖南-学长,147
考研-学长,144
女生-价格,139
师大-一下,136
长学-一下,135
请问-师大,130
考研-价格,130
考研-女生,127
有没有-专业,123
请问-一下,121
师大-女生,120
附近-女生,119
谢谢-学姐,113
有没有-一下,111
湖南-学姐,109
长学-考研,108
师大-大学,106
大学-专业,105
教育-学姐,100
教育-专业,97
请问-湖南,97
师范-学长,95
谢谢-学长,91
考研-大学,89
学校-专业,88
湖南-一下,88
谢谢-师大,87
考研-湖南,87
有没有-师大,86
长学-师大,85
请问-有没有,84
考研-一下,84
请问-师范,81
学长-大学,81
学姐-大学,79
师范-学姐,78
考研-有没有,78
教育-学长,78
师大-学校,77
自己-专业,77
考研-师范,75
谢谢-一下,74
师范-一下,73
长学-请问,71
附近-大学,69
谢谢-专业,66
学校-一下,66
学长-学校,64
学校-大学,64
学校-学姐,63
大学-价格,63
大学-一下,63
湖南-学校,61
谢谢-请问,58
长学-湖南,58
自己-大学,57
湖南-教育,57
师范-师大,56
考研-教育,56
请问-考研,55
湖南-有没有,53
自己-一下,53
教育-大学,50
大学-合租,50
教育-师大,49
长学-教育,48
自己-师大,48
谢谢-考研,48
教育-师范,48
师范-学校,48
附近-谢谢,48
考研-学校,47
请问-大学,47
有没有-教育,46
长学-大学,45
长学-师范,45
自己-学校,45
湖南-价格,45
谢谢-湖南,43
有没有-大学,43
教育-一下,43
有没有-师范,42
湖南-合租,41
附近-湖南,41
请问-学校,39
长学-谢谢,39
长学-学校,38
请问-教育,38
谢谢-有没有,36
有没有-学校,36
附近-学校,36
自己-湖南,35
谢谢-大学,35
女生-大学,34
自己-学姐,34
自己-学长,33
谢谢-师范,30
自己-考研,29
谢谢-价格,28
自己-教育,27
教育-学校,27
附近-有没有,27
师范-价格,27
谢谢-教育,27
学校-女生,26
自己-师范,24
学校-价格,24
师范-合租,24
谢谢-合租,23
湖南-女生,22
长学-自己,22
谢谢-女生,21
学校-合租,21
合租-一下,20
谢谢-学校,19
附近-师范,18
有没有-女生,17
附近-一下,14
请问-女生,14
女生-一下,14
自己-有没有,14
自己-女生,13
附近-请问,12
自己-价格,12
学姐-女生,12
有没有-合租,11
附近-自己,10
有没有-价格,10
学长-女生,10
谢谢-自己,9
自己-合租,9
师范-女生,9
请问-自己,8
学姐-价格,8
女生-专业,8
学长-价格,8
价格-一下,7
合租-专业,7
附近-学姐,6
请问-合租,4
附近-专业,4
长学-价格,4
附近-学长,4
学姐-合租,3
长学-女生,3
附近-教育,3
教育-女生,3
价格-专业,3
学长-合租,2
长学-合租,2
附近-长学,2
请问-价格,1
