小小小小1小样-不停La,24
,
旌柟-不停La,19
,
拉拉753-不停La,17
,
风早太-泽过雨季,14
,
llhhs-coldmoon乱,11
,
如果你记得阿绿-喵喵的猪小四,6
,
和蔼的瓜子壳-llhhs,6
,
如果你记得阿绿-多情自古伤脑筋,4
,
晚安move-如果你记得阿绿,4
,
晚安move-xl3634,4
,
海的风帆-多情自古伤脑筋,4
,
大叔吃月饼-一寄小阔爱呀,3
,
让我想个好名儿-如果你记得阿绿,3
,
晚安move-_亲爱的路人丶,3
,
晚安move-多情自古伤脑筋,3
,
师大好基友-2一个很好的,3
,
风早太-催催爱碎觉-,3
,
百优展柜-催催爱碎觉-,3
,
风早太-冰灯红叶,2
,
禺池-天涯的男孩,2
,
小米3S青春版-喵喵的猪小四,2
,
蔸蔸里有钢镚-晚安move,2
,
蔸蔸里有钢镚-清迈旧时光,2
,
蔸蔸里有钢镚-神秘的小处男oo,2
,
蔸蔸里有钢镚-多情自古伤脑筋,2
,
海的风帆-Smilelee95,2
,
师大好基友-Smilelee95,2
,
瘾君子木糖醇-师大好基友,2
,
百香果-藏于深海,2
,
风早太-百香果,2
,
末沫微末-bs-,2
,
小米模-bs-,2
,
bs--QL关忆北,2
,
彭震的粉丝-__只为初见,2
,
风早太-欧尼欧尼酱,2
,
灯火阑珊-llhhs,2
,
狂三的哀鸣曲-llhhs,2
,
立王青册-llhhs,2
,
coldmoon乱-657133058,2
,
嗯饿了w-和蔼的瓜子壳,2
,
芒斯特K-和蔼的瓜子壳,2
,
微胖界小仙女-和蔼的瓜子壳,2
,
我是一只鱼cd-天字一号萝莉,2
,
谁的青春帮忙-我是一只鱼cd,2
,
肋鬼-xtal1219,2
,
智课侠-LJQ,2
,
拉拉753-259wwwwwwwwwww,2
,
小小小小1小样-qunvxin,2
,
欧尼酱-不停La,2
,
风早太-CAUC丶豆腐,1
,
风早太-韩淤未境,1
,
韩淤未境-爱芋头time,1
,
薄荷-喵喵的猪小四,1
,
风早太-薄荷,1
,
薄荷-zppd22,1
,
风早太-笨人没文化,1
,
新青年-人生若只如初,1
,
新青年-llyjh1991,1
,
冬天来了-一寄小阔爱呀,1
,
短发小柚-一寄小阔爱呀,1
,
风早太-嘻嘻嘻,1
,
哒哒哒哒022-Thehonesty,1
,
短发小柚-哒哒哒哒022,1
,
风早太-Blala477,1
,
瑞吉尔-冰灯红叶,1
,
冰灯红叶-Hqk1x1coE,1
,
鲜花战士-TaocongEDC1,1
,
鲜花战士-藏于深海,1
,
鲜花战士-风早太,1
,
一介幕僚-J天堂驰,1
,
风早太-J天堂驰,1
,
风早太-C,1
,
贡菜-C,1
,
献世0707-C,1
,
海口最帅-C,1
,
双鱼园园张-C,1
,
贴吧用户_5Q858MS-C,1
,
全部都是你-Hqk1x1coE,1
,
风早太-全部都是你,1
,
广告衫团体服-全部都是你,1
,
欧妹欧气十足-全部都是你,1
,
瑶瑶哟哟哟哟哟-meteor0711,1
,
纶纶门口-瑶瑶哟哟哟哟哟,1
,
陈大哈闯天涯-瑶瑶哟哟哟哟哟,1
,
瑶瑶哟哟哟哟哟-一隅G,1
,
风早太-瑶瑶哟哟哟哟哟,1
,
大静静傻子-喵心依旧,1
,
喵心依旧-lzy88happy,1
,
风早太-喵心依旧,1
,
时光荏苒_kid-新SHENG,1
,
时光荏苒_kid-嘻嘻嘻红柿-,1
,
最爱诗与远方阿-时光荏苒_kid,1
,
时光荏苒_kid-何真何假,1
,
火箭夺冠没-时光荏苒_kid,1
,
时光荏苒_kid-aaway,1
,
时光荏苒_kid-哦豁小新,1
,
时光荏苒_kid-嘻洗蛤虾,1
,
时光荏苒_kid-宋盈歌,1
,
木佐翔太-时光荏苒_kid,1
,
贴吧用户_QSC4868-时光荏苒_kid,1
,
清苑丶幽州-时光荏苒_kid,1
,
时光荏苒_kid-乱乱的我的头发,1
,
时光荏苒_kid-zzj910402,1
,
时光荏苒_kid-天足工作室,1
,
时光荏苒_kid-仲夏夜之梦,1
,
时光荏苒_kid-无谋的兔子,1
,
时光荏苒_kid-QMKKX01,1
,
时光荏苒_kid-天赋过人1966,1
,
时光荏苒_kid-jiuyoushi22,1
,
流星滴谎言-时光荏苒_kid,1
,
酒暖思念瘦-时光荏苒_kid,1
,
时光荏苒_kid-天秀皮皮麻,1
,
贴吧用户_5b7WCWM-时光荏苒_kid,1
,
时光荏苒_kid-何无才,1
,
超喜-时光荏苒_kid,1
,
时光荏苒_kid-夏隐爱人,1
,
西兰法911-河西别墅轰趴,1
,
西兰法911-舟帆爱吃肉,1
,
西兰法911-gycl0ve,1
,
西兰法911-欧妹欧气十足,1
,
暴开拖拉机-longdan513,1
,
糖fgvg-longdan513,1
,
tolovend-longdan513,1
,
风早太-longdan513,1
,
仲夏夜之梦-longdan513,1
,
栀庾葵倾-longdan513,1
,
大妍子要努力-longdan513,1
,
逆天的冷细雨-JC横扫江湖,1
,
逆天的冷细雨-抓紧我_放弃我,1
,
那你呢-JUN杰90,1
,
那你呢-拿什么爱你高考,1
,
天涯的男孩-大静静傻子,1
,
天涯的男孩-ELF,1
,
风早太-天涯的男孩,1
,
猎杀冲动-大大咧咧的小小,1
,
丁草戊-hah,1
,
无聊的聊哈哈-hah,1
,
小陌_YL-如果你记得阿绿,1
,
轻掠夏天-如果你记得阿绿,1
,
枫叶的宁静-如果你记得阿绿,1
,
筱羯LOVE澈-如果你记得阿绿,1
,
溟舞-如果你记得阿绿,1
,
如果你记得阿绿-大电鳗吴亦凡,1
,
玲儿loving-如果你记得阿绿,1
,
如果你记得阿绿-japp12345,1
,
暧昧那阵风-如果你记得阿绿,1
,
如果你记得阿绿-可待year,1
,
新SHENG-如果你记得阿绿,1
,
如果你记得阿绿-Smilelee95,1
,
毛顿oc-如果你记得阿绿,1
,
靑本佳人-如果你记得阿绿,1
,
快乐丶胖哥-如果你记得阿绿,1
,
芒果卡布达-如果你记得阿绿,1
,
朝上微笑22-如果你记得阿绿,1
,
蒸汽了个BO-如果你记得阿绿,1
,
如果你记得阿绿-傻男孩怕天黑,1
,
如果你记得阿绿-q2578865665,1
,
山中避雨-如果你记得阿绿,1
,
生蛋超超人-如果你记得阿绿,1
,
我亦如初-喵喵的猪小四,1
,
喵喵的猪小四-你真昊,1
,
雪山飞虎6B-喵喵的猪小四,1
,
山中避雨-喵喵的猪小四,1
,
潘土豪没钱吃饭-喵喵的猪小四,1
,
喵喵的猪小四-丨Jeason丶,1
,
蔸蔸里有钢镚-喵喵的猪小四,1
,
喵喵的猪小四-Top_尕猴,1
,
枫叶的宁静-喵喵的猪小四,1
,
雅歌风竹-喵喵的猪小四,1
,
喵喵的猪小四-Smilelee95,1
,
喵喵的猪小四-似水年华青衫泪,1
,
喵喵的猪小四-勤奋的梧桐叶,1
,
多情自古伤脑筋-喵喵的猪小四,1
,
师大好基友-喵喵的猪小四,1
,
神秘的小处男oo-喵喵的猪小四,1
,
地平线902-喵喵的猪小四,1
,
渥挤沑dbobbo-喵喵的猪小四,1
,
喵喵的猪小四-__许小澜,1
,
是平静还是空白-喵喵的猪小四,1
,
喵喵的猪小四-偶偶是男孩,1
,
如果你记得阿绿-兄弟噶走起,1
,
小任别-如果你记得阿绿,1
,
星星闪闪prince-如果你记得阿绿,1
,
如果你记得阿绿-大爱匆匆过客,1
,
蔸蔸里有钢镚-如果你记得阿绿,1
,
炸死胖子-如果你记得阿绿,1
,
绿洲给了沙漠a-如果你记得阿绿,1
,
獨尊__豪-如果你记得阿绿,1
,
谁家小丸子-如果你记得阿绿,1
,
如果你记得阿绿-xl3634,1
,
师大第一丧尸-如果你记得阿绿,1
,
如果你记得阿绿-亲爱的lulita,1
,
湖师大慧慧-如果你记得阿绿,1
,
如果你记得阿绿-冠军伯纳乌,1
,
桃子湖二花-如果你记得阿绿,1
,
百禾99-如果你记得阿绿,1
,
如果你记得阿绿-ど刘大菜,1
,
如果你记得阿绿-_亲爱的路人丶,1
,
我亦如初-如果你记得阿绿,1
,
芒果卡布达-晚安move,1
,
百禾99-晚安move,1
,
鹿瞳-晚安move,1
,
晚安move-度之人生百,1
,
晚安move-zjf438,1
,
晚安move-地方爱面子,1
,
青稚-晚安move,1
,
晚安move-广阔天空POWER,1
,
晚安move-vampire丶he,1
,
清迈旧时光-晚安move,1
,
晚安move-星星闪闪prince,1
,
溟舞-晚安move,1
,
路痴情节-蔸蔸里有钢镚,1
,
蔸蔸里有钢镚-寻觅丶青春安好,1
,
蔸蔸里有钢镚-日复一日LE,1
,
蔸蔸里有钢镚-〖蓓〗【蕾】,1
,
詹姆斯zx-蔸蔸里有钢镚,1
,
蔸蔸里有钢镚-内酷不会歪,1
,
蔸蔸里有钢镚-你可真是可爱,1
,
许先生爱宜淡写-蔸蔸里有钢镚,1
,
蔸蔸里有钢镚-Smilelee95,1
,
蔸蔸里有钢镚-QE级,1
,
蔸蔸里有钢镚-晓至,1
,
蔸蔸里有钢镚-凝眸处泪沾花,1
,
蔸蔸里有钢镚-与君交之,1
,
蔸蔸里有钢镚-月自是白,1
,
清迈旧时光-海的风帆,1
,
海的风帆-tianzhenhero,1
,
海的风帆-再見_舊時光___,1
,
海的风帆-新SHENG,1
,
海的风帆-师大第一丧尸,1
,
香奈儿丝-海的风帆,1
,
海的风帆-师大好基友,1
,
海的风帆-与君交之,1
,
海的风帆-不可理鱼,1
,
鹿瞳-海的风帆,1
,
釉榆-海的风帆,1
,
海的风帆-qq名今天,1
,
海的风帆-山贼王,1
,
海的风帆-无处安放的明天,1
,
海的风帆-大热2003401,1
,
雅歌风竹-海的风帆,1
,
师大好基友-他久觅,1
,
桃子湖底的草-师大好基友,1
,
琛哥是理想型-师大好基友,1
,
师大好基友-城东新雪i,1
,
香奈儿丝-师大好基友,1
,
师大好基友-似水年华青衫泪,1
,
师大好基友-多久1不见,1
,
顾朝朝啊-师大好基友,1
,
象牙塔埃菲尔-师大好基友,1
,
鹿其-师大好基友,1
,
师大好基友-图图和青青,1
,
趴趴329122-师大好基友,1
,
师大好基友-116tlz,1
,
绿洲给了沙漠a-师大好基友,1
,
麦红枣爱漏阴-师大好基友,1
,
师大好基友-vampire丶he,1
,
沫汐灬花颜-师大好基友,1
,
维多利亚的ID-师大好基友,1
,
碧落双何-师大好基友,1
,
许先生爱宜淡写-师大好基友,1
,
风早太-14级高旺,1
,
风早太-TS,1
,
风早太-南山小树无为,1
,
藤姑娘是我-一路开花o,1
,
风早太-一路开花o,1
,
风早太-一个迷途的人,1
,
百香果-CAUC丶豆腐,1
,
金色在中草-彼堓埖贁花逝,1
,
风早太-金色在中草,1
,
bs--DK_Gunnel,1
,
一抹浅笑-bs-,1
,
冷暖自分-bs-,1
,
春風-bs-,1
,
bs--3木三,1
,
静音无香-bs-,1
,
南方的光1-bs-,1
,
一个不知名的-bs-,1
,
小菇凉_1314-bs-,1
,
刘嘉璐98-bs-,1
,
不想改昵称呐-bs-,1
,
似最初CHJ-bs-,1
,
多爱你爱你-bs-,1
,
bs--Chuke_菁,1
,
尘乐遇-bs-,1
,
老友524-bs-,1
,
幻界冥灵-bs-,1
,
裴元-bs-,1
,
活宝guo0419-bs-,1
,
xy小以纸-bs-,1
,
c397214780-bs-,1
,
喵洒酱-ttt谭zzq,1
,
ttt谭zzq-bs-,1
,
芽伊孜-ttt谭zzq,1
,
大妍子要努力-ttt谭zzq,1
,
長沙美年大健康-彭震的粉丝,1
,
彭震的粉丝-南墙姑娘,1
,
彭震的粉丝-ttt谭zzq,1
,
彭震的粉丝-你火山大哥-,1
,
缄默的-彭震的粉丝,1
,
成果那就-彭震的粉丝,1
,
彭震的粉丝-739来,1
,
风早太-彭震的粉丝,1
,
彭震的粉丝-大妍子要努力,1
,
风早太-奕訢,1
,
百优展柜-奕訢,1
,
欧尼欧尼酱-我就呵呵了637,1
,
欧尼欧尼酱-ZY歌神,1
,
百优展柜-欧尼欧尼酱,1
,
路飞路飞呀-llhhs,1
,
晨星620-llhhs,1
,
忽别-llhhs,1
,
橘酱y-llhhs,1
,
小梁同志天秤-llhhs,1
,
llhhs-bing1234shine,1
,
斯维特之矢-llhhs,1
,
芒斯特K-llhhs,1
,
llhhs-Sweett,1
,
旃残梦-llhhs,1
,
llhhs-flash,1
,
菠萝头--llhhs,1
,
南呦喂-llhhs,1
,
浮生庸扰-llhhs,1
,
m心窝-llhhs,1
,
我爱数学ing-llhhs,1
,
一路勇敢-llhhs,1
,
爱如我叫金-llhhs,1
,
帝煬君-llhhs,1
,
千堆雪积长街-llhhs,1
,
海盐味浓糖-llhhs,1
,
某兴你好-llhhs,1
,
若白955-llhhs,1
,
鸽子阿-llhhs,1
,
浊世佳公子赵-llhhs,1
,
电脑想你的-llhhs,1
,
晴天娃娃5454-llhhs,1
,
llhhs-TaocongEDC1,1
,
爱治愈系的漫画-llhhs,1
,
coldmoon乱-Wantuture,1
,
何所冬暖cici-coldmoon乱,1
,
无关风月于怀-coldmoon乱,1
,
smile17smile8-coldmoon乱,1
,
coldmoon乱-TaocongEDC1,1
,
等大勋-coldmoon乱,1
,
丶汘浔-coldmoon乱,1
,
哇啦啦啦杰杰杰-coldmoon乱,1
,
却秦不受赏-coldmoon乱,1
,
唐唐唐-coldmoon乱,1
,
危一龙-coldmoon乱,1
,
糖粒子我-coldmoon乱,1
,
似水流年ai4-coldmoon乱,1
,
一米八女神-coldmoon乱,1
,
葡萄市长-coldmoon乱,1
,
wq_1028-coldmoon乱,1
,
淡忘c3-和蔼的瓜子壳,1
,
水手一生a-和蔼的瓜子壳,1
,
日落大道-和蔼的瓜子壳,1
,
西门吹水711-和蔼的瓜子壳,1
,
有叶予卿寒-和蔼的瓜子壳,1
,
水韵竹风zhm-和蔼的瓜子壳,1
,
想要红头发-和蔼的瓜子壳,1
,
破烂仙人-和蔼的瓜子壳,1
,
和蔼的瓜子壳-吱吱喳喳,1
,
斯维特之矢-和蔼的瓜子壳,1
,
忽别-和蔼的瓜子壳,1
,
和蔼的瓜子壳-再拼下吧,1
,
和蔼的瓜子壳-一甜呦,1
,
和蔼的瓜子壳-flash,1
,
小梦大半-和蔼的瓜子壳,1
,
贴吧用户_545Q6J9-和蔼的瓜子壳,1
,
和蔼的瓜子壳-Alextaser,1
,
貝公子哥儿-今天也起得晚,1
,
貝公子哥儿-优秀少年,1
,
貝公子哥儿-子若灵犀,1
,
貝公子哥儿-疏雨溪竹,1
,
貝公子哥儿-藏于深海,1
,
貝公子哥儿-彼堓埖贁花逝,1
,
风早太-贴吧用户_08QbN35x,1
,
贴吧用户_08QbN35x-Hqk1x1coE,1
,
贴吧用户_08QbN35x-兰岚smile,1
,
贴吧用户_08QbN35x-百优展柜,1
,
贴吧用户_54XKQ2M-LJQ,1
,
贴吧用户_54XKQ2M-藏于深海,1
,
贴吧用户_54XKQ2M-CAUC丶豆腐,1
,
半漪危耧-上铺男孩i,1
,
最依赖的回忆-上铺男孩i,1
,
上铺男孩i-C晨昏线,1
,
宙小儿-上铺男孩i,1
,
兰岚smile-藏于深海,1
,
我的Hiphop123-asia1011772159,1
,
噗哈哈哈哈77-可爱的凤凰29,1
,
我是一只鱼cd-KAJTL,1
,
我要开学-我是一只鱼cd,1
,
我是一只鱼cd-sapiaopiao,1
,
我是一只鱼cd-Aiv923,1
,
最近迷上多媒体-我是一只鱼cd,1
,
血红色的粟罂C-我是一只鱼cd,1
,
毛顿oc-我是一只鱼cd,1
,
我是一只鱼cd-当我被世界遗弃,1
,
魔12兽-我是一只鱼cd,1
,
我是一只鱼cd-mzw远方,1
,
我是一只鱼cd-屮屮叶,1
,
烟于无予-我是一只鱼cd,1
,
蛰伏一夏free-我是一只鱼cd,1
,
我是一只鱼cd-kristy阿鈺,1
,
我是一只鱼cd-尧山担子酒店,1
,
语笑嫣然易晓-我是一只鱼cd,1
,
我是一只鱼cd-lyn662953,1
,
我是一只鱼cd-Yoke,1
,
我是一只鱼cd-huoersdefeo,1
,
白羊初殇-我是一只鱼cd,1
,
我是一只鱼cd-MR曈,1
,
我是一只鱼cd-博格禹,1
,
我是一只鱼cd-徐步转斜阳ING,1
,
肋鬼-nicelichongya,1
,
肋鬼-JaneJaneD,1
,
肋鬼-wan520_情圣,1
,
肋鬼-e戰,1
,
肋鬼-CSU第一帅,1
,
马不是骡子-肋鬼,1
,
肋鬼-小军no,1
,
肋鬼-此昵称不存在,1
,
肋鬼-1217的爱恋,1
,
肋鬼-有猫的人,1
,
肋鬼-ljs1071,1
,
肋鬼-对铺是头乳猪,1
,
肋鬼-嗯啊吖呵,1
,
西凉奈子-肋鬼,1
,
肋鬼-_____0730,1
,
肋鬼-977791716,1
,
肋鬼-tenqqq,1
,
肋鬼-北山向阳,1
,
肋鬼-L50116,1
,
肋鬼-时光恋人96,1
,
肋鬼-三一如月,1
,
肋鬼-爱小说的可爱,1
,
肋鬼-JC横扫江湖,1
,
智课侠-lqug1234,1
,
风早太-智课侠,1
,
栀庾葵倾-智课侠,1
,
智课侠-739来,1
,
镜孖mirror-智课侠,1
,
催催爱碎觉--Abx不,1
,
夏隐爱人-催催爱碎觉-,1
,
催催爱碎觉--一单身工科狗,1
,
星海无趣-催催爱碎觉-,1
,
催催爱碎觉--15674839606djh,1
,
鱼鱼-骑个娘娘腔,1
,
你是远方的我对-低声浅唱嫣然,1
,
我叫hot-不停La,1
,
其中有你风景-不停La,1
,
不停La-Ps最傻子,1
,
西城飞羽CXD-不停La,1
,
不停La-ql梫灡,1
,
秀秀abcde-不停La,1
,
少司命-不停La,1
,
小x小乐-不停La,1
,
不停La-windy那时青丝,1
,
不停La-259wwwwwwwwwww,1
,
不停La-honeyouo,1
,
叶城1888-不停La,1
,
拉拉753-墨绿不浓,1
,
拉拉753-唯风不可语,1
,
拉拉753-forever0050,1
,
拉拉753-彭小又又,1
,
拉拉753-li18336335343,1
,
拉拉753-Anfield_Herman,1
,
拉拉753-a717950364,1
,
魏魏经纪人-拉拉753,1
,
黑骑之在路上-拉拉753,1
,
小小小小1小样-励剑淬火c,1
,
小小小小1小样-偶然之人,1
,
狗尾草lll-小小小小1小样,1
,
毛顿oc-不停La,1
,
不停La-z几多,1
,
不停La-977791716,1
,
血红色的粟罂C-不停La,1
,
不停La---YOUTH,1
,
剑道真解缚-不停La,1
,
披着学霸旳学渣-不停La,1
,
彼岸等归-不停La,1
,
神一般的男一号-不停La,1
,
不停La-sunily58,1
,
老王来敲门ws-不停La,1
,
木槿-不停La,1
,
楊先生的包裹-不停La,1
,
喵书-不停La,1
,
励剑淬火c-不停La,1
,
白云丝若-不停La,1
,
怀大材不遇-不停La,1
,
众里寻你杰哥-不停La,1
,
无端负韶华-不停La,1
,
怪蜀黍666-不停La,1
,
不停La-江南烟雨巷,1
,
月满西楼-不停La,1
,
旌柟-Giant,1
,
河北学子家长-旌柟,1
,
被搁浅的梦-旌柟,1
,
旌柟-hoton88,1
,
百优展柜-旌柟,1
,
鱼鱼-旌柟,1
,
小小小小1小样-不停La,24
,
旌柟-不停La,19
,
拉拉753-不停La,17
,
风早太-泽过雨季,14
,
llhhs-coldmoon乱,11
,
如果你记得阿绿-喵喵的猪小四,6
,
和蔼的瓜子壳-llhhs,6
,
如果你记得阿绿-多情自古伤脑筋,4
,
晚安move-如果你记得阿绿,4
,
晚安move-xl3634,4
,
海的风帆-多情自古伤脑筋,4
,
大叔吃月饼-一寄小阔爱呀,3
,
让我想个好名儿-如果你记得阿绿,3
,
晚安move-_亲爱的路人丶,3
,
晚安move-多情自古伤脑筋,3
,
师大好基友-2一个很好的,3
,
风早太-催催爱碎觉-,3
,
百优展柜-催催爱碎觉-,3
,
风早太-冰灯红叶,2
,
禺池-天涯的男孩,2
,
小米3S青春版-喵喵的猪小四,2
,
蔸蔸里有钢镚-晚安move,2
,
蔸蔸里有钢镚-清迈旧时光,2
,
蔸蔸里有钢镚-神秘的小处男oo,2
,
蔸蔸里有钢镚-多情自古伤脑筋,2
,
海的风帆-Smilelee95,2
,
师大好基友-Smilelee95,2
,
瘾君子木糖醇-师大好基友,2
,
百香果-藏于深海,2
,
风早太-百香果,2
,
末沫微末-bs-,2
,
小米模-bs-,2
,
bs--QL关忆北,2
,
彭震的粉丝-__只为初见,2
,
风早太-欧尼欧尼酱,2
,
灯火阑珊-llhhs,2
,
狂三的哀鸣曲-llhhs,2
,
立王青册-llhhs,2
,
coldmoon乱-657133058,2
,
嗯饿了w-和蔼的瓜子壳,2
,
芒斯特K-和蔼的瓜子壳,2
,
微胖界小仙女-和蔼的瓜子壳,2
,
我是一只鱼cd-天字一号萝莉,2
,
谁的青春帮忙-我是一只鱼cd,2
,
肋鬼-xtal1219,2
,
智课侠-LJQ,2
,
拉拉753-259wwwwwwwwwww,2
,
小小小小1小样-qunvxin,2
,
欧尼酱-不停La,2
,
风早太-CAUC丶豆腐,1
,
风早太-韩淤未境,1
,
韩淤未境-爱芋头time,1
,
薄荷-喵喵的猪小四,1
,
风早太-薄荷,1
,
薄荷-zppd22,1
,
风早太-笨人没文化,1
,
新青年-人生若只如初,1
,
新青年-llyjh1991,1
,
冬天来了-一寄小阔爱呀,1
,
短发小柚-一寄小阔爱呀,1
,
风早太-嘻嘻嘻,1
,
哒哒哒哒022-Thehonesty,1
,
短发小柚-哒哒哒哒022,1
,
风早太-Blala477,1
,
瑞吉尔-冰灯红叶,1
,
冰灯红叶-Hqk1x1coE,1
,
鲜花战士-TaocongEDC1,1
,
鲜花战士-藏于深海,1
,
鲜花战士-风早太,1
,
一介幕僚-J天堂驰,1
,
风早太-J天堂驰,1
,
风早太-C,1
,
贡菜-C,1
,
献世0707-C,1
,
海口最帅-C,1
,
双鱼园园张-C,1
,
贴吧用户_5Q858MS-C,1
,
全部都是你-Hqk1x1coE,1
,
风早太-全部都是你,1
,
广告衫团体服-全部都是你,1
,
欧妹欧气十足-全部都是你,1
,
瑶瑶哟哟哟哟哟-meteor0711,1
,
纶纶门口-瑶瑶哟哟哟哟哟,1
,
陈大哈闯天涯-瑶瑶哟哟哟哟哟,1
,
瑶瑶哟哟哟哟哟-一隅G,1
,
风早太-瑶瑶哟哟哟哟哟,1
,
大静静傻子-喵心依旧,1
,
喵心依旧-lzy88happy,1
,
风早太-喵心依旧,1
,
时光荏苒_kid-新SHENG,1
,
时光荏苒_kid-嘻嘻嘻红柿-,1
,
最爱诗与远方阿-时光荏苒_kid,1
,
时光荏苒_kid-何真何假,1
,
火箭夺冠没-时光荏苒_kid,1
,
时光荏苒_kid-aaway,1
,
时光荏苒_kid-哦豁小新,1
,
时光荏苒_kid-嘻洗蛤虾,1
,
时光荏苒_kid-宋盈歌,1
,
木佐翔太-时光荏苒_kid,1
,
贴吧用户_QSC4868-时光荏苒_kid,1
,
清苑丶幽州-时光荏苒_kid,1
,
时光荏苒_kid-乱乱的我的头发,1
,
时光荏苒_kid-zzj910402,1
,
时光荏苒_kid-天足工作室,1
,
时光荏苒_kid-仲夏夜之梦,1
,
时光荏苒_kid-无谋的兔子,1
,
时光荏苒_kid-QMKKX01,1
,
时光荏苒_kid-天赋过人1966,1
,
时光荏苒_kid-jiuyoushi22,1
,
流星滴谎言-时光荏苒_kid,1
,
酒暖思念瘦-时光荏苒_kid,1
,
时光荏苒_kid-天秀皮皮麻,1
,
贴吧用户_5b7WCWM-时光荏苒_kid,1
,
时光荏苒_kid-何无才,1
,
超喜-时光荏苒_kid,1
,
时光荏苒_kid-夏隐爱人,1
,
西兰法911-河西别墅轰趴,1
,
西兰法911-舟帆爱吃肉,1
,
西兰法911-gycl0ve,1
,
西兰法911-欧妹欧气十足,1
,
暴开拖拉机-longdan513,1
,
糖fgvg-longdan513,1
,
tolovend-longdan513,1
,
风早太-longdan513,1
,
仲夏夜之梦-longdan513,1
,
栀庾葵倾-longdan513,1
,
大妍子要努力-longdan513,1
,
逆天的冷细雨-JC横扫江湖,1
,
逆天的冷细雨-抓紧我_放弃我,1
,
那你呢-JUN杰90,1
,
那你呢-拿什么爱你高考,1
,
天涯的男孩-大静静傻子,1
,
天涯的男孩-ELF,1
,
风早太-天涯的男孩,1
,
猎杀冲动-大大咧咧的小小,1
,
丁草戊-hah,1
,
无聊的聊哈哈-hah,1
,
小陌_YL-如果你记得阿绿,1
,
轻掠夏天-如果你记得阿绿,1
,
枫叶的宁静-如果你记得阿绿,1
,
筱羯LOVE澈-如果你记得阿绿,1
,
溟舞-如果你记得阿绿,1
,
如果你记得阿绿-大电鳗吴亦凡,1
,
玲儿loving-如果你记得阿绿,1
,
如果你记得阿绿-japp12345,1
,
暧昧那阵风-如果你记得阿绿,1
,
如果你记得阿绿-可待year,1
,
新SHENG-如果你记得阿绿,1
,
如果你记得阿绿-Smilelee95,1
,
毛顿oc-如果你记得阿绿,1
,
靑本佳人-如果你记得阿绿,1
,
快乐丶胖哥-如果你记得阿绿,1
,
芒果卡布达-如果你记得阿绿,1
,
朝上微笑22-如果你记得阿绿,1
,
蒸汽了个BO-如果你记得阿绿,1
,
如果你记得阿绿-傻男孩怕天黑,1
,
如果你记得阿绿-q2578865665,1
,
山中避雨-如果你记得阿绿,1
,
生蛋超超人-如果你记得阿绿,1
,
我亦如初-喵喵的猪小四,1
,
喵喵的猪小四-你真昊,1
,
雪山飞虎6B-喵喵的猪小四,1
,
山中避雨-喵喵的猪小四,1
,
潘土豪没钱吃饭-喵喵的猪小四,1
,
喵喵的猪小四-丨Jeason丶,1
,
蔸蔸里有钢镚-喵喵的猪小四,1
,
喵喵的猪小四-Top_尕猴,1
,
枫叶的宁静-喵喵的猪小四,1
,
雅歌风竹-喵喵的猪小四,1
,
喵喵的猪小四-Smilelee95,1
,
喵喵的猪小四-似水年华青衫泪,1
