小小小小1小样-不停La,24
,
旌柟-不停La,19
,
拉拉753-不停La,17
,
风早太-泽过雨季,14
,
llhhs-coldmoon乱,11
,
如果你记得阿绿-喵喵的猪小四,6
,
和蔼的瓜子壳-llhhs,6
,
如果你记得阿绿-多情自古伤脑筋,4
,
晚安move-如果你记得阿绿,4
,
晚安move-xl3634,4
,
海的风帆-多情自古伤脑筋,4
,
大叔吃月饼-一寄小阔爱呀,3
,
让我想个好名儿-如果你记得阿绿,3
,
晚安move-_亲爱的路人丶,3
,
晚安move-多情自古伤脑筋,3
,
师大好基友-2一个很好的,3
,
风早太-催催爱碎觉-,3
,
百优展柜-催催爱碎觉-,3
,
风早太-冰灯红叶,2
,
禺池-天涯的男孩,2
,
小米3S青春版-喵喵的猪小四,2
